cohort,cust_id,org_id
1,15174,14881
1,15164,14873
1,15130,14839
1,15116,14825
1,15105,14814
1,15091,14800
1,15079,14788
1,15061,14770
1,15046,14755
1,15042,14751
1,15025,14734
1,15012,14721
1,15008,14717
1,14987,14696
1,14985,14694
1,14984,14693
1,14982,14691
1,14929,14642
1,14911,14625
1,14890,14604
1,14884,14598
1,14876,14590
1,14874,14588
1,14862,14576
1,14849,14568
1,14839,14559
1,14832,14552
1,14830,14550
1,14801,14522
1,14771,14494
1,14761,14484
1,14758,14481
1,14744,14467
1,14732,14456
1,14726,14450
1,14717,14441
1,14711,14435
1,14706,14430
1,14701,14425
1,14691,14415
1,14685,14409
1,14681,14405
1,14677,14401
1,14673,14397
1,14662,14386
1,14653,14377
1,14648,14372
1,14624,14348
1,14619,14343
1,14617,14341
1,14600,14324
1,14590,14314
1,14587,14311
1,14583,14307
1,14559,14283
1,14532,14256
1,14501,14225
1,14492,14216
1,14467,14193
1,14458,14184
1,14439,14165
1,14409,14135
1,14408,14134
1,14402,14128
1,14393,14119
1,14358,14084
1,14355,14081
1,14346,14072
1,14325,14051
1,14313,14039
1,14307,14033
1,14303,14029
1,14296,14022
1,14289,14015
1,14266,13992
1,14256,13982
1,14246,13972
1,14242,13968
1,14241,13967
1,14227,13953
1,14217,13943
1,14199,13925
1,14192,13918
1,14189,13915
1,14181,13907
1,14177,13903
1,14160,13887
1,14116,13844
1,14115,13843
1,14096,13825
1,14068,13799
1,14064,13795
1,14044,13775
1,14039,13771
1,14038,13770
1,14035,13767
1,14034,13766
1,14031,13763
1,14028,13760
1,14003,13735
1,13975,13707
1,13969,13701
1,13967,13699
1,13956,13688
1,13940,13672
1,13936,13668
1,13929,13661
1,13913,13645
1,13900,13632
1,13888,13620
1,13834,13566
1,13830,13562
1,13825,13557
1,13824,13556
1,13821,13553
1,13803,13535
1,13800,13532
1,13791,13523
1,13788,13520
1,13787,13519
1,13771,13502
1,13756,13487
1,13738,13469
1,13737,13468
1,13735,13466
1,13732,13463
1,13729,13460
1,13728,13459
1,13699,13431
1,13673,13408
1,13671,13406
1,13670,13405
1,13665,13400
1,13649,13384
1,13605,13340
1,13602,13337
1,13595,13331
1,13593,13329
1,13585,13321
1,13580,13316
1,13577,13313
1,13564,13300
1,13557,13293
1,13545,13281
1,13544,13280
1,13540,13276
1,13531,13268
1,13525,13262
1,13519,13256
1,13516,13253
1,13509,13246
1,13502,13239
1,13499,13236
1,13493,13231
1,13463,13201
1,13462,13200
1,13459,13197
1,13436,13174
1,13432,13170
1,13422,13160
1,13407,13147
1,13401,13141
1,13397,13137
1,13395,13135
1,13394,13134
1,13376,13116
1,13356,13096
1,13353,13093
1,13338,13078
1,13316,13056
1,13309,13049
1,13305,13045
1,13294,13034
1,13275,13015
1,13270,13010
1,13255,12995
1,13227,12967
1,13224,12964
1,13218,12958
1,13196,12936
1,13189,12928
1,13187,12926
1,13173,12912
1,13170,12909
1,13164,12903
1,13163,12902
1,13154,12894
1,13137,12877
1,13136,12876
1,13102,12842
1,13085,12828
1,13083,12826
1,13047,12792
1,13046,12791
1,13045,12790
1,13041,12786
1,13020,12765
1,13018,12763
1,12990,12737
1,12988,12735
1,12977,12726
1,12973,12722
1,12962,12711
1,12946,12695
1,12927,12676
1,12918,12667
1,12906,12655
1,12899,12648
1,12892,12641
1,12891,12640
1,12889,12638
1,12887,12636
1,12884,12633
1,12865,12614
1,12849,12598
1,12845,12595
1,12843,12593
1,12824,12576
1,12823,12575
1,12820,12572
1,12812,12564
1,12790,12542
1,12781,12533
1,12779,12531
1,12770,12522
1,12763,12515
1,12733,12485
1,12704,12456
1,12685,12438
1,12684,12437
1,12680,12433
1,12670,12423
1,12653,12406
1,12648,12401
1,12628,12382
1,12617,12371
1,12613,12367
1,12612,12366
1,12596,12350
1,12593,12347
1,12581,12335
1,12544,12301
1,12536,12293
1,12534,12291
1,12519,12277
1,12504,12262
1,12477,12235
1,12473,12231
1,12471,12229
1,12461,12219
1,12448,12206
1,12437,12195
1,12434,12192
1,12427,12185
1,12422,12180
1,12401,12159
1,12378,12136
1,12349,12108
1,12347,12106
1,12343,12102
1,12335,12094
1,12300,12061
1,12295,12056
1,12294,12055
1,12293,12054
1,12272,12034
1,12266,12028
1,12261,12023
1,12257,12019
1,12254,12016
1,12245,12007
1,12242,12004
1,12235,11997
1,12229,11991
1,12200,11962
1,12173,11936
1,12165,11928
1,12161,11924
1,12151,11914
1,12137,11900
1,12130,11893
1,12123,11886
1,12117,11881
1,12108,11872
1,12103,11867
1,12060,11826
1,12055,11821
1,12052,11818
1,12050,11816
1,12040,11806
1,12037,11803
1,12032,11798
1,12019,11785
1,12008,11774
1,12000,11766
1,11986,11752
1,11980,11746
1,11977,11743
1,11975,11741
1,11973,11739
1,11970,11736
1,11966,11732
1,11961,11727
1,11956,11722
1,11945,11711
1,11942,11708
1,11940,11706
1,11936,11702
1,11926,11692
1,11920,11686
1,11866,11633
1,11842,11611
1,11838,11607
1,11832,11601
1,11825,11594
1,11824,11593
1,11801,11570
1,11791,11560
1,11784,11553
1,11776,11545
1,11769,11538
1,11768,11537
1,11767,11536
1,11755,11524
1,11746,11515
1,11724,11493
1,11721,11490
1,11693,11462
1,11690,11459
1,11667,11436
1,11653,11422
1,11648,11417
1,11644,11413
1,11643,11412
1,11627,11396
1,11622,11391
1,11616,11385
1,11612,11381
1,11607,11376
1,11603,11372
1,11599,11368
1,11595,11364
1,11580,11349
1,11565,11334
1,11556,11325
1,11536,11305
1,11521,11290
1,11517,11286
1,11512,11282
1,11503,11274
1,11502,11273
1,11487,11258
1,11484,11256
1,11475,11248
1,11474,11247
1,11471,11244
1,11462,11235
1,11460,11233
1,11449,11222
1,11434,11207
1,11422,11199
1,11418,11195
1,11417,11194
1,11404,11181
1,11395,11172
1,11389,11168
1,11377,11156
1,11368,11147
1,11318,11097
1,11311,11090
1,11306,11085
1,11301,11080
1,11286,11066
1,11285,11065
1,11284,11064
1,11255,11035
1,11224,11005
1,11196,10977
1,11193,10974
1,11188,10969
1,11169,10950
1,11162,10943
1,11161,10942
1,11160,10941
1,11140,10921
1,11139,10920
1,11134,10915
1,11112,10893
1,11111,10892
1,11100,10881
1,11097,10878
1,11092,10873
1,11087,10868
1,11071,10852
1,11069,10850
1,11046,10828
1,11033,10815
1,11002,10784
1,10999,10781
1,10996,10778
1,10983,10765
1,10963,10745
1,10944,10726
1,10878,10662
1,10860,10645
1,10857,10642
1,10853,10638
1,10827,10612
1,10826,10611
1,10815,10601
1,10801,10587
1,10784,10570
1,10783,10569
1,10781,10567
1,10769,10555
1,10768,10554
1,10760,10546
1,10755,10541
1,10739,10525
1,10723,10509
1,10721,10507
1,10715,10501
1,10688,10474
1,10671,10457
1,10650,10436
1,10648,10434
1,10643,10429
1,10630,10417
1,10629,10416
1,10618,10405
1,10614,10401
1,10611,10398
1,10591,10378
1,10566,10354
1,10544,7517
1,10514,10308
1,10511,10305
1,10502,10296
1,10500,10294
1,10497,10291
1,10491,10285
1,10469,10266
1,10467,10264
1,10461,10258
1,10457,10254
1,10456,10253
1,10452,10249
1,10437,10234
1,10413,10210
1,10372,10169
1,10368,10165
1,10358,10155
1,10342,10139
1,10331,10128
1,10321,10119
1,10286,10085
1,10285,10084
1,10260,10060
1,10254,10054
1,10250,10050
1,10226,10027
1,10223,10024
1,10218,10019
1,10214,10015
1,10199,10000
1,10178,9979
1,10170,9971
1,10160,9962
1,10157,9959
1,10148,9950
1,10138,9940
1,10131,9933
1,10119,9921
1,10114,9916
1,10092,9894
1,10083,9885
1,10079,9881
1,10067,9869
1,10060,9862
1,10056,9858
1,10045,9847
1,10036,9838
1,10035,9837
1,10026,9828
1,10007,9809
1,10005,9807
1,10004,9806
1,9999,9801
1,9990,9792
1,9975,9777
1,9956,9758
1,9951,9753
1,9946,9748
1,9930,9732
1,9925,9727
1,9916,9718
1,9914,9716
1,9910,9712
1,9909,9711
1,9908,9710
2,15167,14875
2,15156,14865
2,15152,14861
2,15149,14858
2,15144,14853
2,15129,14838
2,15123,14832
2,15088,14797
2,15066,14775
2,15064,14773
2,15060,14769
2,15055,14764
2,15044,14753
2,15043,14752
2,15037,14746
2,14995,14704
2,14994,14703
2,14969,14678
2,14961,14670
2,14942,14653
2,14930,14643
2,14925,14639
2,14920,14634
2,14912,14626
2,14907,14621
2,14888,14602
2,14881,14595
2,14877,14591
2,14869,14583
2,14868,14582
2,14866,14580
2,14858,14574
2,14834,14554
2,14831,14551
2,14818,14538
2,14797,14518
2,14795,14516
2,14793,14514
2,14791,14512
2,14782,14503
2,14777,14498
2,14770,14493
2,14755,14478
2,14754,14477
2,14752,14475
2,14739,14462
2,14731,14455
2,14729,14453
2,14728,14452
2,14688,14412
2,14683,14407
2,14682,14406
2,14678,14402
2,14674,14398
2,14671,14395
2,14669,14393
2,14668,14392
2,14660,14384
2,14655,14379
2,14654,14378
2,14644,14368
2,14633,14357
2,14609,14333
2,14606,14330
2,14601,14325
2,14586,14310
2,14565,14289
2,14563,14287
2,14560,14284
2,14546,14270
2,14541,14265
2,14531,14255
2,14525,14249
2,14518,14242
2,14511,14235
2,14507,14231
2,14499,14223
2,14498,14222
2,14497,14221
2,14476,14202
2,14469,14195
2,14446,14172
2,14443,14169
2,14433,14159
2,14428,14154
2,14426,14152
2,14420,14146
2,14391,14117
2,14384,14110
2,14379,14105
2,14362,14088
2,14348,14074
2,14347,14073
2,14344,14070
2,14331,14057
2,14328,14054
2,14305,14031
2,14301,14027
2,14299,14025
2,14285,14011
2,14279,14005
2,14270,13996
2,14264,13990
2,14257,13983
2,14250,13976
2,14249,13975
2,14248,13974
2,14234,13960
2,14230,13956
2,14215,13941
2,14212,13938
2,14208,13934
2,14202,13928
2,14191,13917
2,14184,13910
2,14183,13909
2,14164,13891
2,14155,13882
2,14153,13880
2,14150,13877
2,14136,13863
2,14125,13852
2,14075,13804
2,14057,13788
2,14048,13779
2,14026,13758
2,14020,13752
2,14018,13750
2,14009,13741
2,13986,13718
2,13979,13711
2,13976,13708
2,13966,13698
2,13953,13685
2,13930,13662
2,13928,13660
2,13921,13653
2,13912,13644
2,13908,13640
2,13894,13626
2,13881,13613
2,13873,13605
2,13864,13596
2,13859,13591
2,13849,13581
2,13820,13552
2,13819,13551
2,13802,13534
2,13789,13521
2,13785,13517
2,13782,13514
2,13775,13507
2,13772,13503
2,13755,13486
2,13751,13482
2,13730,13461
2,13721,13453
2,13720,13452
2,13707,13439
2,13705,13437
2,13698,13430
2,13694,13427
2,13679,13414
2,13675,13410
2,13674,13409
2,13662,13397
2,13661,13396
2,13658,13393
2,13624,13359
2,13619,13354
2,13611,13346
2,13600,7964
2,13592,13328
2,13582,13318
2,13574,13310
2,13550,13286
2,13536,13272
2,13533,13269
2,13515,13252
2,13492,13230
2,13477,13215
2,13468,13206
2,13453,13191
2,13452,13190
2,13446,13184
2,13442,13180
2,13441,13179
2,13431,13169
2,13419,13157
2,13405,13145
2,13391,13131
2,13375,13115
2,13368,13108
2,13351,13091
2,13343,13083
2,13326,13066
2,13312,13052
2,13302,13042
2,13296,13036
2,13290,13030
2,13289,13029
2,13283,13023
2,13281,13021
2,13278,13018
2,13252,12992
2,13244,12984
2,13241,12981
2,13193,12933
2,13179,12918
2,13168,12907
2,13143,12883
2,13127,12867
2,13116,12856
2,13113,12853
2,13112,12852
2,13095,12835
2,13093,12833
2,13070,12815
2,13063,12808
2,13049,12794
2,13036,12781
2,13034,12779
2,13026,12771
2,13014,12760
2,13000,12746
2,12999,12745
2,12998,12744
2,12995,12741
2,12994,10327
2,12993,12740
2,12989,12736
2,12982,12731
2,12975,12724
2,12964,12713
2,12960,12709
2,12929,12678
2,12926,12675
2,12908,12657
2,12873,12622
2,12863,12612
2,12854,12603
2,12844,12594
2,12814,12566
2,12804,12556
2,12801,12553
2,12799,12551
2,12785,12537
2,12765,12517
2,12764,12516
2,12735,12487
2,12729,12481
2,12728,12480
2,12724,12476
2,12721,12473
2,12693,12445
2,12691,12443
2,12678,12431
2,12675,12428
2,12645,12398
2,12643,12396
2,12640,12393
2,12637,12391
2,12636,12390
2,12629,12383
2,12625,12379
2,12620,12374
2,12619,12373
2,12615,12369
2,12564,12317
2,12560,12313
2,12541,12298
2,12523,12280
2,12514,12272
2,12491,12249
2,12487,12245
2,12482,12240
2,12430,12188
2,12426,12184
2,12404,12162
2,12395,12153
2,12391,12149
2,12387,12145
2,12385,12143
2,12370,12128
2,12366,12124
2,12348,12107
2,12329,12088
2,12328,12087
2,12326,12085
2,12316,12075
2,12301,12062
2,12299,12060
2,12288,12050
2,12286,12048
2,12285,12047
2,12283,12045
2,12278,12040
2,12275,12037
2,12273,12035
2,12263,12025
2,12252,12014
2,12230,11992
2,12218,11980
2,12205,11967
2,12201,11963
2,12196,11958
2,12190,11953
2,12186,11949
2,12183,11946
2,12153,11916
2,12150,11913
2,12148,11911
2,12141,11904
2,12126,11889
2,12124,11887
2,12121,11884
2,12120,11883
2,12110,11874
2,12091,11856
2,12046,11812
2,12045,11811
2,12044,11810
2,12042,11808
2,12036,11802
2,12024,11790
2,12016,11782
2,12011,11777
2,12006,11772
2,11998,11764
2,11958,11724
2,11933,11699
2,11932,11698
2,11921,11687
2,11919,11685
2,11895,11661
2,11891,11657
2,11884,11650
2,11872,11638
2,11858,11625
2,11854,11623
2,11843,11612
2,11830,11599
2,11827,11596
2,11820,11589
2,11819,11588
2,11814,11583
2,11806,11575
2,11787,11556
2,11785,11554
2,11762,11531
2,11761,11530
2,11751,11520
2,11750,11519
2,11747,11516
2,11742,11511
2,11739,11508
2,11737,11506
2,11720,11489
2,11691,11460
2,11687,11456
2,11678,11447
2,11662,11431
2,11651,11420
2,11650,11419
2,11645,11414
2,11635,11404
2,11630,11399
2,11628,11397
2,11626,11395
2,11609,11378
2,11605,11374
2,11581,11350
2,11558,11327
2,11546,11315
2,11540,11309
2,11533,11302
2,11532,11301
2,11524,11293
2,11479,11252
2,11467,11240
2,11451,11224
2,11450,11223
2,11448,11221
2,11440,11213
2,11437,11210
2,11431,11204
2,11423,11197
2,11419,11196
2,11398,11175
2,11390,11169
2,11386,11165
2,11378,11157
2,11371,11150
2,11360,11139
2,11355,11134
2,11346,11125
2,11344,11123
2,11307,11086
2,11292,11072
2,11291,11071
2,11282,11062
2,11275,11055
2,11263,11043
2,11250,11030
2,11228,11009
2,11221,11002
2,11206,10987
2,11203,10984
2,11183,10964
2,11117,10898
2,11096,10877
2,11091,10872
2,11083,10864
2,11079,10860
2,11075,10856
2,11056,10837
2,11043,10825
2,11038,10820
2,11037,10819
2,11035,10817
2,11027,10809
2,11024,10806
2,11023,10805
2,11018,10800
2,11013,10795
2,10998,10780
2,10990,10772
2,10985,10767
2,10972,10754
2,10970,10752
2,10949,10731
2,10947,10729
2,10932,10714
2,10924,10706
2,10919,10701
2,10912,10694
2,10880,10664
2,10877,10661
2,10865,10650
2,10863,10648
2,10861,10646
2,10847,10632
2,10841,10626
2,10840,10625
2,10825,10610
2,10823,10609
2,10822,10608
2,10817,10603
2,10813,10599
2,10811,10597
2,10809,10595
2,10808,10594
2,10807,10593
2,10797,10583
2,10789,10575
2,10778,10564
2,10774,10560
2,10765,10551
2,10746,10532
2,10744,10530
2,10729,10515
2,10712,10498
2,10701,10487
2,10699,10485
2,10689,10475
2,10679,10465
2,10675,10461
2,10668,10454
2,10662,10448
2,10661,10447
2,10615,10402
2,10590,10377
2,10586,10373
2,10585,10372
2,10583,10370
2,10581,10368
2,10567,10355
2,10559,10348
2,10556,10345
2,10549,10340
2,10540,10334
2,10531,10325
2,10525,10319
2,10516,10310
2,10509,10303
2,10496,10290
2,10478,10275
2,10472,10269
2,10465,10262
2,10464,10261
2,10460,10257
2,10442,10239
2,10410,10207
2,10407,10204
2,10389,10186
2,10386,10183
2,10374,10171
2,10369,10166
2,10364,10161
2,10356,10153
3,15175,14882
3,15163,14872
3,15162,14871
3,15160,14869
3,15145,14854
3,15136,14845
3,15127,14836
3,15106,14815
3,15094,14803
3,15090,14799
3,15073,14782
3,15049,14758
3,15048,14757
3,15040,14749
3,15039,14748
3,15028,14737
3,15022,14731
3,15017,14726
3,15014,14723
3,14999,14708
3,14997,14706
3,14993,14702
3,14992,14701
3,14974,14683
3,14970,14679
3,14945,14656
3,14921,14635
3,14916,14630
3,14910,14624
3,14865,14579
3,14835,14555
3,14826,14546
3,14814,14534
3,14804,14525
3,14800,14521
3,14790,14511
3,14766,14489
3,14764,14487
3,14760,14483
3,14751,14474
3,14749,14472
3,14719,14443
3,14713,14437
3,14686,14410
3,14666,14390
3,14647,14371
3,14639,14363
3,14637,14361
3,14632,14356
3,14630,14354
3,14620,14344
3,14611,14335
3,14608,14332
3,14599,14323
3,14596,14320
3,14595,14319
3,14582,14306
3,14571,14295
3,14558,14282
3,14538,14262
3,14536,14260
3,14530,14254
3,14527,14251
3,14524,14248
3,14517,14241
3,14515,14239
3,14512,14236
3,14482,14208
3,14475,14201
3,14468,14194
3,14456,14182
3,14450,14176
3,14449,14175
3,14440,14166
3,14423,14149
3,14417,14143
3,14415,14141
3,14414,14140
3,14398,14124
3,14386,14112
3,14374,14100
3,14371,14097
3,14367,14093
3,14361,14087
3,14356,14082
3,14340,14066
3,14336,14062
3,14321,14047
3,14318,14044
3,14316,14042
3,14310,14036
3,14308,14034
3,14297,14023
3,14294,14020
3,14290,14016
3,14267,13993
3,14254,13980
3,14245,13971
3,14233,13959
3,14232,13958
3,14228,13954
3,14209,13935
3,14194,13920
3,14170,13875
3,14163,13890
3,14158,13885
3,14113,13841
3,14088,13817
3,14086,13815
3,14085,13814
3,14080,13809
3,14079,13808
3,14069,13800
3,14066,13797
3,14050,13781
3,14049,13780
3,14027,13759
3,14019,13751
3,14004,13736
3,13999,13731
3,13990,13722
3,13985,13717
3,13982,13714
3,13974,13706
3,13962,13694
3,13946,13678
3,13922,13654
3,13910,13642
3,13870,13602
3,13868,13600
3,13858,13590
3,13832,13564
3,13826,13558
3,13817,13549
3,13768,13499
3,13766,13497
3,13762,13493
3,13760,13491
3,13757,13488
3,13748,13479
3,13745,13476
3,13733,13464
3,13731,13462
3,13725,13457
3,13724,13456
3,13722,13454
3,13719,13451
3,13717,13449
3,13716,13448
3,13701,13433
3,13693,13426
3,13684,13419
3,13668,13403
3,13667,13402
3,13663,13398
3,13659,13394
3,13652,13387
3,13645,13380
3,13629,13364
3,13621,13356
3,13618,13353
3,13617,13352
3,13616,13351
3,13612,13347
3,13606,13341
3,13599,13335
3,13597,13333
3,13590,13326
3,13558,13294
3,13556,13292
3,13543,13279
3,13541,13277
3,13538,13274
3,13511,13248
3,13504,13241
3,13496,13233
3,13494,13232
3,13481,13219
3,13480,13218
3,13466,13204
3,13464,13202
3,13455,13193
3,13447,13185
3,13439,13177
3,13434,13172
3,13425,13163
3,13403,13143
3,13396,13136
3,13393,13133
3,13392,13132
3,13383,13123
3,13350,13090
3,13340,13080
3,13339,13079
3,13337,13077
3,13332,13072
3,13323,13063
3,13322,13062
3,13321,13061
3,13317,13057
3,13310,13050
3,13308,13048
3,13303,13043
3,13295,13035
3,13292,13032
3,13291,13031
3,13285,13025
3,13249,12989
3,13245,12985
3,13243,12983
3,13238,12978
3,13237,12977
3,13232,12972
3,13229,12969
3,13211,12951
3,13206,12946
3,13198,12938
3,13174,12913
3,13153,12893
3,13142,12882
3,13132,12872
3,13130,12870
3,13115,12855
3,13100,12840
3,13097,12837
3,13089,12830
3,13081,12824
3,13065,12810
3,13052,12797
3,13038,12783
3,13035,12780
3,13033,12778
3,13009,12755
3,13008,12754
3,13006,12752
3,12997,12743
3,12985,12734
3,12968,12717
3,12965,12714
3,12954,12703
3,12949,12698
3,12925,12674
3,12916,12665
3,12905,12654
3,12904,12653
3,12883,12632
3,12857,12606
3,12852,12601
3,12847,12596
3,12838,12590
3,12788,12540
3,12782,12534
3,12776,12528
3,12767,12519
3,12766,12518
3,12758,12510
3,12746,12498
3,12737,12489
3,12731,12483
3,12723,12475
3,12716,12468
3,12714,12466
3,12706,12458
3,12697,12449
3,12695,12447
3,12662,12415
3,12657,12410
3,12646,12399
3,12633,12387
3,12626,12380
3,12610,12364
3,12602,12356
3,12597,12351
3,12574,12328
3,12572,12325
3,12571,12324
3,12569,12322
3,12567,12320
3,12550,12303
3,12531,12288
3,12524,12281
3,12508,12266
3,12507,12265
3,12489,12247
3,12474,12232
3,12440,12198
3,12435,12193
3,12421,12179
3,12418,12176
3,12410,12168
3,12405,12163
3,12396,12154
3,12376,12134
3,12374,12132
3,12373,12131
3,12361,12120
3,12352,12111
3,12306,12067
3,12305,12066
3,12290,12051
3,12268,12030
3,12258,12020
3,12249,12011
3,12208,11970
3,12198,11960
3,12191,11954
3,12180,11943
3,12179,11942
3,12178,11941
3,12168,11931
3,12158,11921
3,12154,11917
3,12149,11912
3,12114,11878
3,12104,11868
3,12102,11866
3,12099,11864
3,12085,11850
3,12083,11848
3,12076,11841
3,12072,11837
3,12049,11815
3,12034,11800
3,12004,11770
3,12003,11769
3,11993,11759
3,11987,11753
3,11972,11738
3,11965,11731
3,11957,11723
3,11928,11694
3,11914,11680
3,11912,11678
3,11903,11669
3,11899,11665
3,11893,11659
3,11888,11654
3,11876,11642
3,11868,11635
3,11867,11634
3,11860,11627
3,11856,10662
3,11853,11622
3,11849,11618
3,11845,11614
3,11822,11591
3,11817,11586
3,11807,11576
3,11800,11569
3,11789,11558
3,11783,11552
3,11765,11534
3,11758,11527
3,11753,11522
3,11744,11513
3,11738,11507
3,11726,11495
3,11718,11487
3,11717,11486
3,11712,11481
3,11692,11461
3,11688,11457
3,11683,11452
3,11677,11446
3,11669,11438
3,11668,11437
3,11664,11433
3,11658,11427
3,11654,11423
3,11632,11401
3,11623,11392
3,11614,11383
3,11613,11382
3,11582,11351
3,11579,11348
3,11575,11344
3,11573,11342
3,11544,11313
3,11539,11308
3,11523,11292
3,11478,11251
3,11477,11250
3,11461,11234
3,11454,11227
3,11453,11226
3,11442,11215
3,11438,11211
3,11436,11209
3,11399,11176
3,11385,11164
3,11383,11162
3,11373,11152
3,11369,11148
3,11364,11143
3,11361,11140
3,11354,11133
3,11350,11129
3,11340,11119
3,11336,11115
3,11327,11106
3,11323,11102
3,11313,11092
3,11310,11089
3,11299,11078
3,11289,11069
3,11281,11061
3,11278,11058
3,11230,11011
3,11226,11007
3,11219,11000
3,11217,10998
3,11200,10981
3,11181,10962
3,11179,10960
3,11176,10957
3,11175,10956
3,11149,10930
3,11146,10927
3,11124,10905
3,11123,10904
3,11122,10903
3,11106,10887
3,11102,10883
3,11098,10879
3,11094,10875
3,11086,10867
3,11085,10866
3,11081,10862
3,11066,10847
3,11064,10845
3,11053,10835
3,11050,10832
3,11045,10827
3,11036,10818
3,11029,10811
3,11020,10802
3,10991,10773
3,10976,10758
3,10974,10756
3,10969,10751
3,10957,10739
3,10943,10725
3,10918,10700
3,10915,10697
3,10913,10695
3,10903,10686
3,10879,10663
3,10872,10656
3,10871,10655
3,10867,10652
3,10834,10619
3,10833,10618
3,10819,10605
3,10805,10591
3,10804,10590
3,10800,10586
3,10798,10584
3,10795,10581
3,10794,10580
3,10785,10571
3,10777,10563
3,10771,10557
3,10770,10556
3,10767,10553
3,10766,10552
3,10764,10550
3,10757,10543
3,10751,10537
3,10745,10531
3,10736,10522
3,10722,10508
3,10719,10505
3,10706,10492
3,10702,10488
3,10697,10483
3,10695,10481
3,10681,10467
3,10678,10464
3,10665,10451
3,10658,10444
3,10644,10430
3,10641,10427
3,10637,10423
3,10626,10413
3,10625,10412
3,10580,10367
3,10571,10358
3,10570,10357
3,10551,10342
3,10548,10339
3,10534,10328
3,10529,10323
3,10522,10316
3,10501,10295
3,10495,10289
3,10468,10265
3,10454,10251
3,10446,10243
3,10438,10235
3,10430,10227
4,15179,14886
4,15177,14884
4,15176,14883
4,15173,14880
4,15151,14860
4,15150,14859
4,15140,14849
4,15103,14812
4,15093,14802
4,15086,14795
4,15082,14791
4,15081,14790
4,15020,14729
4,14991,14700
4,14989,14698
4,14980,14689
4,14975,14684
4,14972,14681
4,14964,14673
4,14958,14667
4,14951,14662
4,14947,14658
4,14927,14640
4,14908,14622
4,14900,14614
4,14896,14610
4,14880,14594
4,14875,14589
4,14846,14566
4,14827,14547
4,14825,14545
4,14807,14527
4,14806,14526
4,14789,14510
4,14787,14508
4,14780,14501
4,14748,14471
4,14735,14458
4,14724,14448
4,14712,14436
4,14705,14429
4,14670,14394
4,14661,14385
4,14658,14382
4,14645,14369
4,14643,14367
4,14623,14347
4,14597,14321
4,14593,14317
4,14570,14294
4,14554,14278
4,14553,14277
4,14545,14269
4,14514,14238
4,14502,14226
4,14493,14217
4,14491,14215
4,14480,14206
4,14461,14187
4,14455,14181
4,14447,14173
4,14437,14163
4,14429,14155
4,14416,14142
4,14405,14131
4,14399,14125
4,14387,14113
4,14380,14106
4,14377,14103
4,14373,14099
4,14370,14096
4,14350,14076
4,14326,14052
4,14298,14024
4,14292,14018
4,14288,14014
4,14287,14013
4,14274,14000
4,14268,13994
4,14262,13988
4,14253,13979
4,14213,13939
4,14204,13930
4,14201,13927
4,14197,13923
4,14195,13921
4,14188,13914
4,14173,13899
4,14161,13888
4,14157,13884
4,14135,13862
4,14132,13859
4,14130,13857
4,14127,13854
4,14095,13824
4,14092,13821
4,14091,13820
4,14084,13813
4,14083,13812
4,14078,13807
4,14062,13793
4,14059,13790
4,14030,13762
4,14021,13753
4,13997,13729
4,13989,13721
4,13988,13720
4,13964,13696
4,13963,13695
4,13948,13680
4,13947,13679
4,13943,13675
4,13939,13671
4,13937,13669
4,13935,13667
4,13933,13665
4,13932,13664
4,13918,13650
4,13917,13649
4,13898,13630
4,13897,13629
4,13895,13627
4,13876,13608
4,13865,13597
4,13852,13584
4,13847,13579
4,13808,13540
4,13807,13539
4,13793,13525
4,13778,13510
4,13776,13508
4,13747,13478
4,13739,13470
4,13709,13441
4,13703,13435
4,13700,13432
4,13689,13424
4,13682,13417
4,13657,13392
4,13650,13385
4,13647,13382
4,13643,13378
4,13640,13375
4,13636,13371
4,13622,13357
4,13613,13348
4,13609,13344
4,13598,13334
4,13594,13330
4,13576,13312
4,13573,13309
4,13569,13305
4,13565,13301
4,13562,13298
4,13555,13291
4,13542,13278
4,13529,13266
4,13522,13259
4,13497,13234
4,13489,13227
4,13488,13226
4,13482,13220
4,13479,13217
4,13473,13211
4,13454,13192
4,13440,13178
4,13437,13175
4,13435,13173
4,13420,13158
4,13408,13148
4,13398,13138
4,13386,13126
4,13382,13122
4,13380,13120
4,13377,13117
4,13374,13114
4,13372,13112
4,13370,13110
4,13341,13081
4,13334,13074
4,13333,13073
4,13330,13070
4,13324,13064
4,13318,13058
4,13299,13039
4,13277,13017
4,13273,13013
4,13272,13012
4,13263,13003
4,13258,12998
4,13253,12993
4,13236,12976
4,13234,12974
4,13228,12968
4,13225,12965
4,13214,12954
4,13207,12947
4,13181,12920
4,13167,12906
4,13147,12887
4,13139,12879
4,13138,12878
4,13128,12868
4,13121,12861
4,13101,12841
4,13092,12832
4,13067,12812
4,13012,12758
4,12996,12742
4,12983,12732
4,12967,12716
4,12966,12715
4,12945,12694
4,12937,12686
4,12935,12684
4,12933,12682
4,12924,12673
4,12919,12668
4,12912,12661
4,12897,12646
4,12886,12635
4,12882,12631
4,12878,12627
4,12866,12615
4,12862,12611
4,12855,12604
4,12828,12580
4,12826,12578
4,12825,12577
4,12821,12573
4,12819,12571
4,12810,12562
4,12809,12561
4,12800,12552
4,12798,12550
4,12778,12530
4,12769,12521
4,12743,12495
4,12732,12484
4,12720,12472
4,12713,12465
4,12709,12461
4,12705,12457
4,12700,12452
4,12689,397
4,12665,12418
4,12664,12417
4,12650,12403
4,12618,12372
4,12608,12362
4,12584,12338
4,12557,12310
4,12543,12300
4,12532,12289
4,12510,12268
4,12505,12263
4,12488,12246
4,12483,12241
4,12478,12236
4,12470,12228
4,12469,12227
4,12463,12221
4,12432,12190
4,12406,12164
4,12400,12158
4,12355,12114
4,12344,12103
4,12330,12089
4,12319,12078
4,12307,12068
4,12296,12057
4,12277,12039
4,12271,12033
4,12255,12017
4,12253,12015
4,12248,12010
4,12247,12009
4,12228,11990
4,12212,11974
4,12210,11972
4,12209,11971
4,12202,11964
4,12195,11953
4,12189,11952
4,12185,11948
4,12176,11939
4,12175,11938
4,12172,11935
4,12166,11929
4,12159,11922
4,12147,11910
4,12145,11908
4,12140,11903
4,12135,11898
4,12132,11895
4,12131,11894
4,12113,11877
4,12090,11855
4,12066,11831
4,12026,11792
4,12023,11789
4,12022,11788
4,12017,11783
4,11999,11765
4,11992,11758
4,11989,11755
4,11984,11750
4,11983,11749
4,11969,11735
4,11951,11717
4,11949,11715
4,11947,11713
4,11937,11703
4,11935,11701
4,11929,11695
4,11916,11682
4,11894,11660
4,11892,11658
4,11881,11647
4,11878,11644
4,11873,11639
4,11852,11621
4,11837,11606
4,11816,11585
4,11813,11582
4,11799,11568
4,11798,11567
4,11795,11564
4,11782,11551
4,11778,11547
4,11760,11529
4,11748,11517
4,11736,11505
4,11735,11504
4,11732,11501
4,11723,11492
4,11716,11485
4,11705,11474
4,11703,11472
4,11689,11458
4,11681,11450
4,11676,11445
4,11671,11440
4,11665,11434
4,11657,11426
4,11617,11386
4,11594,11363
4,11592,11361
4,11588,11357
4,11545,11314
4,11542,11311
4,11534,11303
4,11529,11298
4,11527,11296
4,11526,11295
4,11520,11289
4,11505,11275
4,11491,11262
4,11486,11257
4,11469,11242
4,11466,11239
4,11458,11231
4,11447,11220
4,11445,11218
4,11444,11217
4,11443,11216
4,11433,11206
4,11409,11186
4,11401,11178
4,11394,11171
4,11387,11166
4,11382,11161
4,11376,11155
4,11347,11126
4,11343,11122
4,11335,11114
4,11322,11101
4,11319,11098
4,11303,11082
4,11296,11075
4,11274,11054
4,11271,11051
4,11268,11048
4,11254,11034
4,11253,11033
4,11248,11028
4,11223,11004
4,11222,11003
4,11220,11001
4,11218,10999
4,11215,10996
4,11211,10992
4,11208,10989
4,11202,10983
4,11199,10980
4,11164,10945
4,11148,10929
4,11135,10916
4,11133,10914
4,11132,10913
4,11119,10900
4,11118,10899
4,11108,10889
4,11107,10888
4,11089,10870
4,11084,10865
4,11082,10863
4,11078,10859
4,11067,10848
4,11054,10836
4,11041,10823
4,11017,10799
4,11009,10791
4,10993,10775
4,10992,10774
4,10989,10771
4,10987,10769
4,10981,10763
4,10973,10755
4,10961,10743
4,10956,10738
4,10939,10721
4,10937,10719
4,10936,10718
4,10922,10704
4,10910,10692
4,10906,10689
4,10868,10653
4,10854,10639
4,10849,10634
4,10848,10633
4,10843,10628
4,10838,10623
4,10832,10617
4,10829,10614
4,10803,10589
4,10799,10585
4,10796,10582
4,10790,10576
4,10780,10566
4,10775,10561
4,10752,10538
4,10735,10521
4,10732,10518
4,10693,10479
4,10682,10468
4,10680,10466
4,10674,10460
4,10666,10452
4,10663,10449
4,10655,10441
4,10633,10419
4,10627,10414
4,10612,10399
4,10610,10397
4,10605,10392
4,10603,10390
4,10594,10381
4,10563,10351
4,10558,10347
4,10541,10335
4,10535,10329
4,10524,10318
4,10523,10317
4,10507,10301
4,10504,10298
4,10499,10293
4,10439,10236
4,10435,10232
4,10434,10231
4,10429,10226
4,10425,10222
4,10424,10221
4,10422,10219
4,10414,10211
4,10412,10209
4,10384,10181
4,10375,10172
4,10373,10170
4,10365,10162
4,10361,10158
4,10359,10156
4,10345,10142
4,10329,10126
4,10323,10121
4,10320,10118
4,10313,10111
4,10296,10095
4,10278,10078
4,10272,10072
4,10264,10064
4,10263,10063
4,10258,10058
4,10256,10056
4,10243,10043
4,10224,10025
4,10211,10012
4,10203,10004
4,10197,9998
4,10182,9983
5,15178,14885
5,15172,14879
5,15169,14877
5,15161,14870
5,15158,14867
5,15154,14863
5,15143,14852
5,15137,14846
5,15126,14835
5,15122,14831
5,15112,14821
5,15107,14816
5,15101,14810
5,15068,14777
5,15058,14767
5,15052,14761
5,15051,14760
5,15034,14743
5,15033,14742
5,15032,14741
5,15031,14740
5,15027,14736
5,15021,14730
5,15002,14711
5,14996,14705
5,14983,14692
5,14954,14663
5,14949,14660
5,14932,14645
5,14928,14641
5,14919,14633
5,14917,14631
5,14902,14616
5,14895,14609
5,14879,14593
5,14873,14587
5,14870,14584
5,14864,14578
5,14861,14575
5,14854,14573
5,14847,14567
5,14845,14565
5,14843,14563
5,14817,14537
5,14815,14535
5,14799,14520
5,14788,14509
5,14781,14502
5,14778,14499
5,14767,14490
5,14738,14461
5,14737,14460
5,14733,14457
5,14723,14447
5,14716,14440
5,14714,14438
5,14700,14424
5,14694,14418
5,14689,14413
5,14687,14411
5,14672,14396
5,14665,14389
5,14652,14376
5,14638,14362
5,14634,14358
5,14622,14346
5,14621,14345
5,14592,14316
5,14584,14308
5,14575,14299
5,14562,14286
5,14561,14285
5,14550,14274
5,14529,14253
5,14489,14213
5,14464,14190
5,14445,14171
5,14442,14168
5,14435,14161
5,14427,14153
5,14424,14150
5,14411,14137
5,14392,14118
5,14388,14114
5,14381,14107
5,14375,14101
5,14369,14095
5,14363,14089
5,14352,14078
5,14343,14069
5,14341,14067
5,14335,14061
5,14334,14060
5,14327,14053
5,14275,14001
5,14258,13984
5,14255,13981
5,14252,13978
5,14224,13950
5,14205,13931
5,14203,13929
5,14200,13926
5,14187,13913
5,14169,13896
5,14149,13876
5,14148,13875
5,14147,13874
5,14143,13870
5,14121,13848
5,14107,13835
5,14094,13823
5,14089,13818
5,14072,13801
5,14042,13773
5,14022,13754
5,14013,13745
5,14010,13742
5,14005,13737
5,14001,13733
5,13996,13728
5,13961,13693
5,13957,13689
5,13955,13687
5,13949,13681
5,13945,13677
5,13927,13659
5,13907,13639
5,13903,13635
5,13893,13625
5,13886,13618
5,13879,13611
5,13877,13609
5,13860,13592
5,13856,13588
5,13840,13572
5,13815,13547
5,13812,13544
5,13805,13537
5,13790,13522
5,13786,13518
5,13781,13513
5,13780,13512
5,13718,13450
5,13711,13443
5,13708,13440
5,13695,13428
5,13681,13416
5,13678,13413
5,13664,13399
5,13641,13376
5,13630,13365
5,13627,13362
5,13626,13361
5,13568,13304
5,13552,13288
5,13532,13269
5,13514,13251
5,13506,13243
5,13456,13194
5,13451,13189
5,13430,13168
5,13423,13161
5,13413,13152
5,13411,13151
5,13409,13149
5,13400,13140
5,13390,13130
5,13387,13127
5,13385,13125
5,13384,13124
5,13381,13121
5,13369,13109
5,13365,13105
5,13355,13095
5,13348,13088
5,13345,13085
5,13331,13071
5,13329,13069
5,13327,13067
5,13320,13060
5,13315,13055
5,13307,13047
5,13304,13044
5,13293,13033
5,13230,12970
5,13226,12966
5,13221,12961
5,13209,12949
5,13208,12948
5,13201,12941
5,13159,12898
5,13150,12890
5,13146,12886
5,13140,12880
5,13122,12862
5,13110,12850
5,13109,12849
5,13107,12847
5,13104,12844
5,13087,12829
5,13079,12822
5,13077,12820
5,13059,12804
5,13044,12789
5,13040,12785
5,13028,12773
5,13023,12768
5,13010,12756
5,13003,12749
5,13001,12747
5,12980,12729
5,12970,12719
5,12928,12677
5,12917,12666
5,12913,12662
5,12911,12660
5,12900,12649
5,12893,12642
5,12858,12607
5,12840,12592
5,12835,12587
5,12827,12579
5,12822,12574
5,12815,12567
5,12789,12541
5,12787,12539
5,12783,12535
5,12775,12527
5,12768,12520
5,12757,12509
5,12754,12506
5,12753,12505
5,12748,12500
5,12745,12497
5,12738,12490
5,12730,12482
5,12718,12470
5,12711,12463
5,12676,12429
5,12673,12426
5,12667,12420
5,12639,12392
5,12630,12384
5,12623,12377
5,12614,12368
5,12606,12360
5,12598,12352
5,12594,12348
5,12579,12333
5,12562,12315
5,12554,12307
5,12546,12302
5,12537,12294
5,12530,12287
5,12506,12264
5,12502,12260
5,12500,12258
5,12499,12257
5,12475,12233
5,12466,12224
5,12453,12211
5,12451,12209
5,12450,12208
5,12445,12203
5,12444,12202
5,12442,12200
5,12438,12196
5,12425,12183
5,12415,12173
5,12412,12170
5,12403,12161
5,12393,12151
5,12390,12148
5,12367,12125
5,12357,12116
5,12345,12104
5,12339,12098
5,12338,12097
5,12333,12092
5,12332,12091
5,12310,12071
5,12303,12064
5,12265,12027
5,12250,12012
5,12238,12000
5,12234,11996
5,12225,11987
5,12216,11978
5,12213,11975
5,12207,11969
5,12204,11966
5,12193,11956
5,12187,11950
5,12181,11944
5,12174,11937
5,12162,11925
5,12155,11918
5,12152,11915
5,12146,11909
5,12138,11901
5,12116,11880
5,12095,11860
5,12081,11846
5,12080,11845
5,12079,11844
5,12069,11834
5,12031,11797
5,11995,11761
5,11985,11751
5,11979,11745
5,11974,11740
5,11963,11729
5,11962,11728
5,11952,11718
5,11950,11716
5,11925,11691
5,11890,11656
5,11889,11655
5,11885,11651
5,11880,11646
5,11875,11641
5,11870,11636
5,11855,11624
5,11847,11616
5,11828,11597
5,11794,11563
5,11781,11550
5,11766,11535
5,11759,11528
5,11745,11514
5,11714,11483
5,11709,11478
5,11708,11477
5,11679,11448
5,11659,11428
5,11637,11406
5,11633,11402
5,11629,11398
5,11619,11388
5,11602,11371
5,11568,11337
5,11554,11323
5,11552,11321
5,11537,11306
5,11519,11288
5,11518,11287
5,11488,11259
5,11470,11243
5,11468,11241
5,11463,11236
5,11435,11208
5,11427,11202
5,11408,11185
5,11402,11179
5,11366,11145
5,11357,11136
5,11333,11112
5,11332,11111
5,11331,11110
5,11309,11088
5,11304,11083
5,11298,11077
5,11283,11063
5,11270,11050
5,11252,11032
5,11247,11027
5,11245,11025
5,11244,11025
5,11236,11017
5,11225,11006
5,11205,10986
5,11195,10976
5,11186,10967
5,11184,10965
5,11165,10946
5,11138,10919
5,11127,10908
5,11126,10907
5,11125,10906
5,11103,10884
5,11101,10882
5,11095,10876
5,11090,10871
5,11088,10869
5,11077,10858
5,11047,10829
5,11025,10807
5,11010,10792
5,11007,10789
5,11006,10788
5,11001,10783
5,10978,10760
5,10971,10753
5,10965,10747
5,10938,10720
5,10935,10717
5,10931,10713
5,10923,10705
5,10920,10702
5,10917,10699
5,10916,10698
5,10907,10690
5,10897,10680
5,10893,10677
5,10891,10675
5,10876,10660
5,10873,10657
5,10870,10654
5,10862,10647
5,10852,10637
5,10836,10621
5,10806,10592
5,10787,10573
5,10782,10568
5,10756,10542
5,10731,10517
5,10728,10514
5,10711,10497
5,10708,10494
5,10694,10480
5,10667,10453
5,10656,10442
5,10653,10439
5,10649,10435
5,10645,10431
5,10642,10428
5,10635,10421
5,10631,10418
5,10619,10406
5,10617,10404
5,10606,10393
5,10599,10386
5,10596,10383
5,10595,10382
5,10588,10375
5,10584,10371
5,10565,10353
5,10564,10352
5,10554,10343
5,10547,10338
5,10539,10333
5,10537,10331
5,10530,10324
5,10528,10322
5,10526,10320
5,10510,10304
5,10506,10300
5,10470,10267
5,10445,10242
5,10440,10237
5,10432,10229
5,10419,10216
5,10418,10215
5,10411,10208
5,10409,10206
5,10394,10191
5,10338,10135
5,10334,10131
5,10327,8795
5,10326,10124
5,10308,10106
5,10303,10101
5,10295,10094
5,10291,10090
5,10282,10081
5,10270,10070
5,10242,10042
5,10241,10041
5,10236,10036
5,10232,10033
5,10194,9995
5,10192,9993
5,10176,9977
5,10175,9976
5,10167,9968
5,10164,9965
5,10162,9964
5,10159,9961
5,10156,9958
5,10151,9953
5,10146,9948
5,10145,9947
5,10126,9928
5,10111,9913
5,10100,9902
5,10084,9886
5,10069,9871
5,10064,9866
5,10063,9865
5,10061,9863
5,10058,9860
5,10054,9856
5,10053,9855
5,10047,9849
5,10028,9830
5,10020,9822
5,10003,9805
5,9994,9796
5,9988,9790
5,9984,9786
6,15159,14868
6,15142,14851
6,15134,14843
6,15128,14837
6,15119,14828
6,15102,14811
6,15096,14805
6,15083,14792
6,15080,14789
6,15074,14783
6,15071,14780
6,15056,14765
6,15030,14739
6,15026,14735
6,15015,14724
6,15011,14720
6,15010,14719
6,15005,14714
6,15004,14713
6,15000,14709
6,14998,14707
6,14979,14688
6,14948,14659
6,14946,14657
6,14941,14652
6,14939,14650
6,14935,14648
6,14923,14637
6,14914,14628
6,14903,14617
6,14887,14601
6,14871,14585
6,14850,14569
6,14837,14557
6,14828,14548
6,14823,14543
6,14822,14542
6,14821,14541
6,14810,14530
6,14805,3483
6,14794,14515
6,14792,14513
6,14785,14506
6,14776,14497
6,14769,14492
6,14762,14485
6,14736,14459
6,14725,14449
6,14720,14444
6,14708,14432
6,14697,14421
6,14696,14420
6,14693,14417
6,14692,14416
6,14664,14388
6,14663,14387
6,14642,14366
6,14629,14353
6,14625,14349
6,14618,14342
6,14607,14331
6,14605,14329
6,14581,14305
6,14578,14302
6,14577,14301
6,14564,14288
6,14551,14275
6,14539,14263
6,14534,14258
6,14522,14246
6,14520,14244
6,14510,14234
6,14506,14230
6,14505,14229
6,14488,14212
6,14483,14209
6,14474,14200
6,14470,14196
6,14466,14192
6,14463,14189
6,14453,14179
6,14451,14177
6,14436,14162
6,14430,14156
6,14418,14144
6,14412,14138
6,14406,14132
6,14404,14130
6,14385,14111
6,14366,14092
6,14351,14077
6,14338,14064
6,14324,14050
6,14323,14049
6,14322,14048
6,14311,14037
6,14306,14032
6,14302,14028
6,14295,14021
6,14286,14012
6,14284,14010
6,14283,14009
6,14272,13998
6,14261,13987
6,14247,13973
6,14239,13965
6,14238,13964
6,14218,13944
6,14198,13924
6,14186,13912
6,14176,13902
6,14166,13893
6,14154,13881
6,14146,13873
6,14141,13868
6,14140,13867
6,14139,13866
6,14137,13864
6,14133,13860
6,14126,13853
6,14123,13850
6,14112,13840
6,14109,13837
6,14108,13836
6,14106,13834
6,14101,13829
6,14090,13819
6,14065,13796
6,14041,13772
6,14008,13740
6,13998,13730
6,13995,13727
6,13983,13715
6,13978,13710
6,13960,13692
6,13952,13684
6,13942,13674
6,13941,13673
6,13924,13656
6,13914,13646
6,13883,13615
6,13848,13580
6,13843,13575
6,13836,13568
6,13823,13555
6,13813,13545
6,13810,13542
6,13806,13538
6,13798,13530
6,13795,13527
6,13783,13515
6,13743,13474
6,13742,13473
6,13736,13467
6,13734,13465
6,13715,13447
6,13714,13446
6,13696,13429
6,13677,13412
6,13676,13411
6,13635,13370
6,13631,13366
6,13608,13343
6,13607,13342
6,13584,13320
6,13583,13319
6,13581,13317
6,13579,13315
6,13567,13303
6,13559,13295
6,13554,13290
6,13551,13287
6,13547,13283
6,13524,13261
6,13520,13257
6,13518,13255
6,13508,13245
6,13491,13229
6,13490,13228
6,13487,13225
6,13486,13224
6,13476,13214
6,13475,13213
6,13472,13210
6,13471,13209
6,13470,13208
6,13465,13203
6,13458,13196
6,13450,13188
6,13448,13186
6,13438,13176
6,13433,13171
6,13429,13167
6,13410,13150
6,13406,13146
6,13404,13144
6,13367,13107
6,13361,13101
6,13349,13089
6,13346,13086
6,13342,13082
6,13328,13068
6,13325,13065
6,13311,13051
6,13306,13046
6,13284,13024
6,13276,13016
6,13267,13007
6,13265,13005
6,13251,12991
6,13248,12988
6,13240,12980
6,13233,12973
6,13231,12971
6,13219,12959
6,13212,12952
6,13205,12945
6,13204,12944
6,13195,12935
6,13194,12934
6,13190,12929
6,13176,12915
6,13158,12897
6,13141,12881
6,13082,12825
6,13066,12811
6,13055,12800
6,13053,12798
6,13051,12796
6,13029,12774
6,13024,12769
6,13011,12757
6,13002,12748
6,12981,12730
6,12976,12725
6,12974,12723
6,12958,12707
6,12956,12705
6,12955,12704
6,12951,12700
6,12939,12688
6,12923,12672
6,12920,12669
6,12907,12656
6,12881,12630
6,12874,12623
6,12870,12619
6,12864,12613
6,12860,12609
6,12859,12608
6,12837,12589
6,12830,12582
6,12807,12559
6,12805,12557
6,12796,12548
6,12791,12543
6,12780,12532
6,12777,12529
6,12771,12523
6,12755,12507
6,12726,12478
6,12699,12451
6,12696,12448
6,12692,12444
6,12687,12440
6,12679,12432
6,12672,12425
6,12666,12419
6,12642,12395
6,12621,12375
6,12611,12365
6,12609,12363
6,12592,12346
6,12586,12340
6,12580,12334
6,12577,12331
6,12576,12330
6,12570,12323
6,12563,12316
6,12555,12308
6,12553,12306
6,12542,12299
6,12533,12290
6,12528,12285
6,12526,12283
6,12515,12273
6,12503,12261
6,12501,12259
6,12498,12256
6,12485,12243
6,12479,12237
6,12476,12234
6,12472,12230
6,12468,12226
6,12467,12225
6,12465,12223
6,12460,12218
6,12459,12217
6,12458,12216
6,12452,12210
6,12439,12197
6,12411,12169
6,12409,12167
6,12407,12165
6,12399,12157
6,12394,12152
6,12388,12146
6,12386,12144
6,12384,12142
6,12383,12141
6,12380,12138
6,12359,12118
6,12350,12109
6,12331,12090
6,12327,12086
6,12323,12082
6,12320,12079
6,12315,12074
6,12298,12059
6,12297,12058
6,12280,12042
6,12274,12036
6,12270,12032
6,12262,12024
6,12251,12013
6,12246,12008
6,12231,11993
6,12224,11986
6,12203,11965
6,12199,11961
6,12194,11957
6,12171,11934
6,12156,11919
6,12128,11891
6,12119,11882
6,12106,11870
6,12096,11861
6,12094,11859
6,12089,11854
6,12082,11847
6,12077,11842
6,12074,11839
6,12068,11833
6,12061,11827
6,12043,11809
6,12035,11801
6,12030,11796
6,11991,11757
6,11946,11712
6,11944,11710
6,11938,11704
6,11927,11693
6,11924,11690
6,11918,11684
6,11917,11683
6,11909,11675
6,11905,11671
6,11883,11649
6,11863,11630
6,11862,11629
6,11851,11620
6,11844,11613
6,11840,11609
6,11835,11604
6,11812,11581
6,11811,11580
6,11810,11579
6,11808,11577
6,11803,11572
6,11790,11559
6,11777,11546
6,11774,11543
6,11772,11541
6,11770,11539
6,11756,11525
6,11749,11518
6,11743,11512
6,11734,11503
6,11727,11496
6,11710,11479
6,11695,11464
6,11686,11455
6,11680,11449
6,11656,11425
6,11647,11416
6,11641,11410
6,11640,11409
6,11618,11387
6,11615,11384
6,11604,11373
6,11601,11370
6,11598,11367
6,11597,11366
6,11587,11356
6,11585,11354
6,11563,11332
6,11557,11326
6,11535,11304
6,11522,11291
6,11515,11285
6,11508,11278
6,11500,11271
6,11464,11237
6,11456,11229
6,11424,11197
6,11414,11191
6,11412,11189
6,11411,11188
6,11407,11184
6,11406,11183
6,11396,11173
6,11370,11149
6,11363,11142
6,11358,11137
6,11356,11135
6,11348,11127
6,11338,11117
6,11337,11116
6,11334,11113
6,11330,11109
6,11308,11087
6,11302,11081
6,11290,11070
6,11251,11031
6,11249,11029
6,11238,11019
6,11234,11015
6,11214,10995
6,11213,10994
6,11198,10979
6,11191,10972
6,11177,10958
6,11166,10947
6,11129,10910
6,11120,10901
6,11109,10890
6,11099,10880
6,11068,10849
6,11065,10846
6,11060,10841
6,11059,10840
6,11044,10826
6,11032,10814
6,11031,10813
6,11022,10804
6,11021,10803
6,11019,10801
6,11012,10794
6,11008,10790
6,10988,10770
6,10986,10768
6,10967,10749
6,10966,10748
6,10952,10734
6,10951,10733
6,10948,10730
6,10941,10723
6,10930,10712
6,10928,10710
6,10874,10658
6,10814,10600
6,10793,10579
6,10791,10577
6,10762,10548
6,10753,10539
6,10738,10524
6,10734,10520
6,10733,10519
6,10724,10510
6,10705,10491
6,10704,10490
6,10683,10469
6,10673,10459
6,10651,10437
6,10647,10433
6,10634,10420
6,10608,10395
6,10597,10384
6,10593,10380
6,10578,10365
6,10576,10363
6,10562,10350
6,10542,10336
6,10538,10332
6,10493,10287
6,10492,10286
6,10476,10273
6,10471,10268
6,10453,10250
6,10449,10246
6,10443,10240
6,10436,10233
6,10416,10213
6,10400,10197
6,10397,10194
6,10391,10188
6,10367,10164
6,10353,10150
6,10346,10143
6,10336,10133
7,15168,14876
7,15157,14866
7,15131,14840
7,15121,14830
7,15109,14818
7,15108,14817
7,15104,14813
7,15092,14801
7,15089,14798
7,15076,14785
7,15072,14781
7,15070,14779
7,15059,14768
7,15057,14766
7,15038,14747
7,15036,14745
7,15029,14738
7,15024,14733
7,15001,14710
7,14990,14699
7,14981,14690
7,14978,14687
7,14977,14686
7,14971,14680
7,14968,14677
7,14965,14674
7,14962,14671
7,14959,14668
7,14957,14666
7,14956,14665
7,14936,14649
7,14934,14647
7,14926,14638
7,14922,14636
7,14918,14632
7,14915,14629
7,14913,14627
7,14899,14613
7,14897,14611
7,14893,14607
7,14892,14606
7,14891,14605
7,14889,14603
7,14883,14597
7,14863,14577
7,14844,14564
7,14836,14556
7,14824,14544
7,14813,14533
7,14812,14532
7,14811,14531
7,14796,14517
7,14784,14505
7,14775,14496
7,14765,14488
7,14763,14486
7,14756,14479
7,14753,14476
7,14750,14473
7,14747,14470
7,14746,14469
7,14745,14468
7,14741,14464
7,14721,14445
7,14710,14434
7,14704,14428
7,14676,14400
7,14615,14339
7,14613,14337
7,14612,14336
7,14602,14326
7,14576,14300
7,14573,14297
7,14566,14290
7,14521,14245
7,14487,14211
7,14472,14198
7,14462,14188
7,14459,14185
7,14438,14164
7,14434,14160
7,14394,14120
7,14390,14116
7,14382,14108
7,14368,14094
7,14349,14075
7,14291,14017
7,14280,14006
7,14271,13997
7,14269,13995
7,14265,13991
7,14260,13986
7,14240,13966
7,14223,13949
7,14222,13948
7,14219,13945
7,14206,13932
7,14196,13922
7,14190,13916
7,14182,13908
7,14175,13901
7,14165,13892
7,14162,13889
7,14156,13883
7,14142,13869
7,14129,13856
7,14128,13855
7,14077,13806
7,14073,13802
7,14063,13794
7,14060,13791
7,14047,13778
7,14046,13777
7,14011,13743
7,13987,13719
7,13951,13683
7,13944,13676
7,13938,13670
7,13934,13666
7,13925,13657
7,13920,13652
7,13905,13637
7,13902,13634
7,13899,13631
7,13891,13623
7,13889,13621
7,13882,13614
7,13874,13606
7,13871,13603
7,13853,13585
7,13841,13573
7,13839,13571
7,13822,13554
7,13818,13550
7,13816,13548
7,13811,13543
7,13809,13541
7,13801,13533
7,13799,13531
7,13797,13529
7,13796,13528
7,13777,13509
7,13764,13495
7,13763,13494
7,13758,13489
7,13753,13484
7,13741,13472
7,13740,13471
7,13706,13438
7,13691,13425
7,13686,13421
7,13666,13401
7,13655,13390
7,13653,13388
7,13648,13383
7,13639,13374
7,13625,13360
7,13620,13355
7,13614,13349
7,13601,13336
7,13589,13325
7,13588,13324
7,13572,13308
7,13561,13297
7,13539,13275
7,13523,13260
7,13513,13250
7,13510,13247
7,13500,13237
7,13485,13223
7,13469,13207
7,13443,13181
7,13427,13165
7,13426,13164
7,13417,13155
7,13388,13128
7,13358,13098
7,13344,13084
7,13335,13075
7,13319,13059
7,13282,13022
7,13274,13014
7,13269,13009
7,13262,13002
7,13250,12990
7,13247,12987
7,13246,12986
7,13239,12979
7,13235,12975
7,13222,12962
7,13210,12950
7,13184,12923
7,13182,12921
7,13180,12919
7,13172,12911
7,13169,12908
7,13165,12904
7,13152,12892
7,13148,12888
7,13144,12884
7,13135,12875
7,13134,12874
7,13119,12859
7,13108,12848
7,13103,12843
7,13098,12838
7,13094,12834
7,13080,12823
7,13076,12819
7,13075,12818
7,13071,12816
7,13032,12777
7,13022,12767
7,13013,12759
7,12969,12718
7,12963,12712
7,12948,12697
7,12942,12691
7,12938,12687
7,12936,12685
7,12922,12671
7,12921,12670
7,12915,12664
7,12902,12651
7,12890,12639
7,12879,12628
7,12868,12617
7,12818,12570
7,12817,12569
7,12811,12563
7,12806,12558
7,12803,12555
7,12792,12544
7,12751,12503
7,12749,12501
7,12727,12479
7,12715,12467
7,12698,12450
7,12686,12439
7,12681,12434
7,12677,12430
7,12669,12422
7,12660,12413
7,12658,12411
7,12655,12408
7,12654,12407
7,12651,12404
7,12647,12400
7,12635,12389
7,12627,12381
7,12607,12361
7,12589,12343
7,12568,12321
7,12565,12318
7,12561,12314
7,12551,12304
7,12529,12286
7,12518,12276
7,12517,12275
7,12511,12269
7,12509,12267
7,12492,12250
7,12456,12214
7,12446,12204
7,12443,12201
7,12433,12191
7,12431,12189
7,12423,12181
7,12416,12174
7,12381,12139
7,12365,12123
7,12341,12100
7,12334,12093
7,12292,12053
7,12260,12022
7,12233,11995
7,12232,11994
7,12217,11979
7,12192,11955
7,12188,11951
7,12170,11933
7,12125,11888
7,12115,11879
7,12112,11876
7,12097,11862
7,12084,11849
7,12078,11843
7,12075,11840
7,12064,11830
7,12063,11829
7,12062,11828
7,12056,11822
7,12054,11820
7,12041,11807
7,12033,11799
7,12025,11791
7,12013,11779
7,12010,11776
7,12009,11775
7,12007,11773
7,11971,11737
7,11968,11734
7,11967,11733
7,11960,11726
7,11941,11707
7,11922,11688
7,11911,11677
7,11910,11676
7,11907,11673
7,11901,11667
7,11898,11664
7,11879,11645
7,11859,11626
7,11823,11592
7,11788,11557
7,11771,11540
7,11763,11532
7,11757,11526
7,11733,11502
7,11713,11482
7,11694,11463
7,11672,11441
7,11663,11432
7,11660,11429
7,11638,11407
7,11631,11400
7,11625,11394
7,11621,11390
7,11620,11389
7,11600,11369
7,11591,11360
7,11583,11352
7,11574,11343
7,11571,11340
7,11569,11338
7,11561,11330
7,11555,11324
7,11551,11320
7,11550,11319
7,11548,11317
7,11543,11312
7,11538,11307
7,11504,11244
7,11501,11272
7,11499,11270
7,11496,11267
7,11495,11266
7,11483,11255
7,11482,11254
7,11480,11253
7,11465,11238
7,11457,11230
7,11452,11225
7,11432,11205
7,11425,11200
7,11420,11197
7,11413,11190
7,11410,11187
7,11381,11160
7,11379,11158
7,11374,11153
7,11365,11144
7,11359,11138
7,11352,11131
7,11345,11124
7,11326,11105
7,11324,11103
7,11320,11099
7,11316,11095
7,11295,11074
7,11279,11059
7,11277,11057
7,11266,11046
7,11265,11045
7,11261,11041
7,11258,11038
7,11242,11023
7,11235,11016
7,11231,11012
7,11229,11010
7,11180,10961
7,11178,10959
7,11172,10953
7,11151,10932
7,11130,10911
7,11113,10894
7,11104,10885
7,11080,10861
7,11076,10857
7,11063,10844
7,11058,10839
7,11052,10834
7,11039,10821
7,11034,10816
7,11028,10810
7,11016,10798
7,10994,10776
7,10977,10759
7,10968,10750
7,10962,10744
7,10942,10724
7,10934,10716
7,10933,10715
7,10914,10696
7,10896,10679
7,10875,10659
7,10869,7008
7,10858,10643
7,10856,10641
7,10837,10622
7,10830,10615
7,10779,10565
7,10776,10562
7,10737,10523
7,10730,10516
7,10718,10504
7,10716,10502
7,10714,10500
7,10710,10496
7,10700,10486
7,10690,10476
7,10684,10470
7,10676,10462
7,10669,10455
7,10664,10450
7,10659,10445
7,10657,10443
7,10640,10426
7,10623,10410
7,10616,10403
7,10613,10400
7,10609,10396
7,10607,10394
7,10600,10387
7,10598,10385
7,10582,10369
7,10577,10364
7,10560,10349
7,10546,10337
7,10517,10311
7,10513,10307
7,10512,10306
7,10508,10302
7,10498,10292
7,10490,10284
7,10488,10282
7,10487,10281
7,10485,10280
7,10475,10272
7,10466,10263
7,10450,10247
7,10447,10244
7,10431,10228
7,10427,10224
7,10423,10220
7,10417,10214
7,10406,10203
7,10405,10202
7,10396,10193
7,10392,10189
7,10379,10176
7,10377,10174
7,10376,10173
7,10370,10167
7,10363,10160
7,10328,10125
7,10324,10122
7,10315,10113
7,10312,10110
7,10311,10109
7,10304,10102
7,10300,10099
7,10290,10089
7,10287,10086
7,10280,10079
7,10271,10071
7,10261,10061
7,10255,10055
7,10240,10040
7,10238,10038
7,10230,10031
7,10227,10028
7,10221,10022
7,10220,10021
7,10215,10016
7,10191,9992
7,10166,9967
7,10155,9957
7,10150,9952
7,10143,9945
7,10142,9944
7,10133,9935
7,10130,9932
7,10127,9929
7,10109,9911
7,10108,9910
7,10105,9907
7,10096,9898
7,10090,9892
7,10088,9890
8,15171,14878
8,15141,14850
8,15120,14829
8,15118,14827
8,15113,14822
8,15111,14820
8,15097,14806
8,15095,14804
8,15078,14787
8,15053,14762
8,15050,14759
8,15047,14756
8,15023,14732
8,15018,14727
8,15013,14722
8,15007,14716
8,15003,14712
8,14986,14695
8,14973,14682
8,14967,14676
8,14960,14669
8,14943,14654
8,14931,14644
8,14885,14599
8,14882,14596
8,14872,14586
8,14867,14581
8,14842,14562
8,14840,14560
8,14833,14553
8,14809,14529
8,14786,14507
8,14759,14482
8,14757,14480
8,14730,14454
8,14718,14442
8,14709,14433
8,14707,14431
8,14702,14426
8,14699,14423
8,14675,14399
8,14649,14373
8,14626,14350
8,14610,14334
8,14604,14328
8,14603,14327
8,14598,14322
8,14591,14315
8,14588,14312
8,14580,14304
8,14572,14296
8,14569,14293
8,14567,14291
8,14548,14272
8,14544,14268
8,14540,14264
8,14526,14250
8,14523,14247
8,14519,14243
8,14513,14237
8,14509,14233
8,14508,14232
8,14503,14227
8,14496,14220
8,14494,14218
8,14477,14203
8,14441,14167
8,14431,14157
8,14422,14148
8,14364,14090
8,14360,14086
8,14357,14083
8,14354,14080
8,14353,14079
8,14342,14068
8,14330,14056
8,14320,14046
8,14317,14043
8,14309,14035
8,14276,14002
8,14273,13999
8,14259,13985
8,14237,13963
8,14236,13962
8,14229,13955
8,14220,13946
8,14214,13940
8,14211,13937
8,14185,13911
8,14179,13905
8,14178,13904
8,14172,13898
8,14167,13894
8,14159,13886
8,14152,13879
8,14144,13871
8,14119,13846
8,14111,13839
8,14104,13832
8,14102,13830
8,14099,13827
8,14098,13826
8,14081,13810
8,14058,13789
8,14053,13784
8,14052,13783
8,14043,13774
8,14037,13769
8,14029,13761
8,14025,13757
8,14023,13755
8,14017,13749
8,14014,13746
8,14012,13744
8,14007,13739
8,14006,13738
8,14002,13734
8,14000,13732
8,13984,13716
8,13981,13713
8,13980,13712
8,13971,13703
8,13959,13691
8,13923,13655
8,13919,13651
8,13916,13648
8,13915,13647
8,13909,13641
8,13906,13638
8,13904,13636
8,13901,13633
8,13896,13628
8,13892,13624
8,13887,13619
8,13884,13616
8,13878,13610
8,13875,13607
8,13869,13601
8,13863,13595
8,13854,13586
8,13850,13582
8,13842,13574
8,13838,13570
8,13833,13565
8,13827,13559
8,13784,13516
8,13774,13506
8,13769,13500
8,13765,13496
8,13746,13477
8,13713,13445
8,13702,13434
8,13688,13423
8,13687,13422
8,13685,13420
8,13680,13415
8,13669,13404
8,13656,13391
8,13651,13386
8,13642,13377
8,13628,13363
8,13623,13358
8,13603,13338
8,13596,13332
8,13587,13323
8,13548,13284
8,13537,13273
8,13507,13244
8,13503,13240
8,13484,13222
8,13483,13221
8,13478,13216
8,13461,13199
8,13428,13166
8,13421,13159
8,13416,13154
8,13399,13139
8,13373,13113
8,13364,13104
8,13363,13103
8,13360,13100
8,13354,13094
8,13352,13092
8,13336,13076
8,13313,13053
8,13298,13038
8,13297,13037
8,13288,13028
8,13287,13027
8,13271,13011
8,13264,13004
8,13260,13000
8,13242,12982
8,13216,12956
8,13215,12955
8,13202,12942
8,13199,12939
8,13185,12924
8,13162,12901
8,13149,12889
8,13125,12865
8,13124,12864
8,13118,12858
8,13111,12851
8,13105,12845
8,13099,12839
8,13096,12836
8,13078,12821
8,13061,12806
8,13054,12799
8,13043,12788
8,13039,12784
8,13031,12776
8,13025,12770
8,13005,12751
8,13004,12750
8,12991,12738
8,12979,12728
8,12978,12727
8,12971,12720
8,12959,12708
8,12952,12701
8,12950,12699
8,12947,12696
8,12943,12692
8,12930,12679
8,12909,12658
8,12903,12652
8,12898,12647
8,12894,12643
8,12877,12626
8,12871,12620
8,12867,12616
8,12853,12602
8,12839,12591
8,12832,12584
8,12831,12583
8,12829,12581
8,12794,12546
8,12786,12538
8,12761,12513
8,12760,12512
8,12759,12511
8,12744,12496
8,12742,12494
8,12739,12491
8,12734,12486
8,12712,12464
8,12710,12462
8,12694,12446
8,12674,12427
8,12652,12405
8,12634,12388
8,12631,12385
8,12604,12358
8,12600,12354
8,12590,12344
8,12585,12339
8,12578,12332
8,12566,12319
8,12558,12311
8,12556,12309
8,12552,12305
8,12540,12297
8,12527,12284
8,12513,12271
8,12493,12251
8,12490,12248
8,12484,12242
8,12481,12239
8,12480,12238
8,12462,12220
8,12441,12199
8,12420,12178
8,12419,12177
8,12389,12147
8,12382,12140
8,12377,12135
8,12375,12133
8,12364,12122
8,12351,12110
8,12342,12101
8,12340,12099
8,12337,12096
8,12325,12084
8,12321,12080
8,12312,12073
8,12309,12070
8,12308,12069
8,12302,12063
8,12281,12043
8,12276,12038
8,12264,12026
8,12222,11984
8,12221,11983
8,12220,11982
8,12214,11976
8,12182,11945
8,12169,11932
8,12164,11927
8,12163,11926
8,12143,11906
8,12136,11899
8,12133,11896
8,12107,11871
8,12101,11865
8,12088,11853
8,12071,11836
8,12058,11824
8,12057,11823
8,12053,11819
8,12051,11817
8,12028,11794
8,12027,11793
8,12020,11786
8,12018,11784
8,12015,11781
8,12002,11768
8,11996,11762
8,11994,11760
8,11934,11700
8,11930,11696
8,11915,11681
8,11913,11679
8,11908,11674
8,11887,11653
8,11882,11648
8,11877,11643
8,11864,11631
8,11861,11628
8,11846,11615
8,11836,11605
8,11831,11600
8,11829,11598
8,11826,11595
8,11821,11590
8,11818,11587
8,11809,11578
8,11802,11571
8,11796,11565
8,11792,11561
8,11779,11548
8,11773,11542
8,11754,11523
8,11725,11494
8,11715,11484
8,11711,11480
8,11707,11476
8,11706,11475
8,11701,11470
8,11685,11454
8,11684,11453
8,11682,11451
8,11661,11430
8,11652,11421
8,11649,11418
8,11636,11405
8,11634,11403
8,11589,11358
8,11572,11341
8,11567,11336
8,11562,11331
8,11553,11322
8,11547,11316
8,11530,11299
8,11528,11297
8,11514,11284
8,11511,11281
8,11476,11249
8,11473,11246
8,11472,11245
8,11428,11203
8,11421,11198
8,11416,11193
8,11400,11177
8,11384,11163
8,11372,11151
8,11367,11146
8,11362,11141
8,11342,11121
8,11328,11107
8,11312,11091
8,11293,11073
8,11272,11052
8,11260,11040
8,11257,11037
8,11256,11036
8,11241,11022
8,11237,11018
8,11232,11013
8,11227,11008
8,11212,10993
8,11209,10990
8,11192,10973
8,11187,10968
8,11185,10966
8,11171,10952
8,11137,10918
8,11128,10909
8,11074,10855
8,11057,10838
8,11051,10833
8,11049,10831
8,11048,10830
8,11040,10822
8,11026,10808
8,10984,10766
8,10982,10764
8,10979,10761
8,10975,10757
8,10964,10746
8,10959,10741
8,10954,10736
8,10946,10728
8,10945,10727
8,10940,10722
8,10929,10711
8,10926,10708
8,10925,10707
8,10921,10703
8,10904,10687
8,10902,10685
8,10864,10649
8,10855,10640
8,10850,10635
8,10845,10630
8,10839,10624
8,10816,10602
8,10812,10598
8,10792,10578
8,10772,10558
8,10741,10527
8,10740,10526
8,10726,10512
8,10725,10511
8,10720,10506
8,10696,10482
8,10692,10478
8,10687,10473
8,10677,10463
8,10670,10456
8,10654,10440
8,10624,10411
8,10620,10407
8,10602,10389
8,10592,10379
8,10575,10362
8,10572,10359
8,10568,10356
8,10557,10346
8,10527,10321
8,10520,10314
8,10515,10309
8,10505,10299
8,10503,10297
8,10482,10278
8,10477,10274
8,10451,10248
8,10444,10241
8,10433,10230
8,10408,10205
8,10401,10198
8,10383,10180
8,10355,10152
8,10348,10145
8,10341,10138
8,10340,10137
8,10335,10132
8,10332,10129
8,10319,10117
8,10307,10105
8,10306,10104
8,10302,10100
8,10299,10098
8,10298,10097
8,10293,10092
8,10275,10075
8,10266,10066
8,10265,10065
8,10253,10053
8,10252,10052
8,10247,10047
8,10239,10039
8,10231,10032
8,10217,10018
8,10205,10006
8,10204,10005
8,10198,9999
8,10193,9994
8,10186,9987
8,10184,9985
8,10183,9984
8,10173,9974
8,10172,9973
8,10165,9966
8,10141,9943
8,10140,9942
8,10139,9941
8,10134,9936
8,10132,9934